Sample_ID,Predicted_Label,Jumping_Probability
0,0,0.0022816713034924867
1,0,0.1916898345489446
2,1,0.674174440117931
3,1,0.9999995383309488
4,0,0.0004306528623584257
5,1,0.9087944927299954
6,1,0.961231842151355
7,1,0.9999999704272835
8,1,0.9999999992759308
9,0,0.00012850412235743052
10,0,2.115482726725847e-05
11,0,3.476851742645452e-06
12,1,0.6310085335636545
13,1,0.9999920931022355
