Sample_ID,Predicted_Label,Jumping_Probability
0,0,0.006779852850531547
1,0,0.4832444831407255
2,1,0.6740882365565006
3,1,0.9999988642825051
4,0,0.0009714665007659903
5,1,0.8931144331730614
6,1,0.7760928888586366
7,1,0.9999988763481598
8,1,0.9999997776652424
9,0,0.0002754051286018038
10,0,0.0012809184904679794
11,0,6.219885673681774e-05
12,0,0.39009586454035705
13,1,0.9999737038246916
