Sample_ID,Predicted_Label,Jumping_Probability
0,0,1.929013252362719e-57
1,0,3.2118923071383546e-08
2,0,0.0014507212846556585
3,0,4.530961262125153e-19
4,0,1.6781173678026863e-37
5,0,2.3307504906779946e-35
6,1,1.0
7,0,4.489217584161786e-12
8,0,1.4747339163948063e-26
9,1,0.9113463813731187
10,0,1.6659465404091211e-43
11,0,6.496674067554059e-21
12,0,0.06635526713837579
13,1,0.9999999896566679
