Sample_ID,Predicted_Label,Jumping_Probability
0,0,1.9290132520527336e-57
1,0,3.211892306791781e-08
2,0,0.0014507212845029291
3,0,4.530961261638277e-19
4,0,1.678117367600603e-37
5,0,2.3307504904264003e-35
6,1,1.0
7,0,4.489217583423862e-12
8,0,1.4747339162219825e-26
9,1,0.9113463813636021
10,0,1.6659465401383795e-43
11,0,6.496674066922383e-21
12,0,0.06635526713181289
13,1,0.9999999896566679
